model,risk_type,t,K,moneyness,MR
Heston,esl,0.0,8.0,1.25,0.6248911706666738
Heston,esl,0.05,8.0,1.25,0.6348022973292461
Heston,esl,0.1,8.0,1.25,0.6308023403308548
Heston,esl,0.15000000000000002,8.0,1.25,0.6231731076848731
Heston,esl,0.2,8.0,1.25,0.6047765454375664
Heston,esl,0.25,8.0,1.25,0.5743431442428032
Heston,esl,0.30000000000000004,8.0,1.25,0.5605862444645806
Heston,esl,0.35000000000000003,8.0,1.25,0.573757848207007
Heston,esl,0.4,8.0,1.25,0.5557464726603489
Heston,esl,0.45,8.0,1.25,0.5303622886796862
Heston,esl,0.5,8.0,1.25,0.5268188402608573
Heston,esl,0.55,8.0,1.25,0.49116633365038603
Heston,esl,0.6000000000000001,8.0,1.25,0.4576703799532418
Heston,esl,0.65,8.0,1.25,0.44530370038171774
Heston,esl,0.7000000000000001,8.0,1.25,0.4201198279580375
Heston,esl,0.75,8.0,1.25,0.39378951188320416
Heston,esl,0.8,8.0,1.25,0.3495912275080945
Heston,esl,0.8500000000000001,8.0,1.25,0.33253888484227456
Heston,esl,0.9,8.0,1.25,0.30223630845725985
Heston,esl,0.9500000000000001,8.0,1.25,0.18753411042207976
Heston,esl,1.0,8.0,1.25,0.0
Heston,esl,0.0,8.4,1.1904761904761905,0.6611071984858748
Heston,esl,0.05,8.4,1.1904761904761905,0.6700546782598857
Heston,esl,0.1,8.4,1.1904761904761905,0.6698279278846107
Heston,esl,0.15000000000000002,8.4,1.1904761904761905,0.6559961526155295
Heston,esl,0.2,8.4,1.1904761904761905,0.6385957000199243
Heston,esl,0.25,8.4,1.1904761904761905,0.6102825663851812
Heston,esl,0.30000000000000004,8.4,1.1904761904761905,0.5972081688219598
Heston,esl,0.35000000000000003,8.4,1.1904761904761905,0.6094077305105519
Heston,esl,0.4,8.4,1.1904761904761905,0.5939185632693567
Heston,esl,0.45,8.4,1.1904761904761905,0.5693939462943534
Heston,esl,0.5,8.4,1.1904761904761905,0.5645010264539838
Heston,esl,0.55,8.4,1.1904761904761905,0.5291901287020839
Heston,esl,0.6000000000000001,8.4,1.1904761904761905,0.498007908928509
Heston,esl,0.65,8.4,1.1904761904761905,0.4820004968545274
Heston,esl,0.7000000000000001,8.4,1.1904761904761905,0.440809371905736
Heston,esl,0.75,8.4,1.1904761904761905,0.4234898290523229
Heston,esl,0.8,8.4,1.1904761904761905,0.36774182637800223
Heston,esl,0.8500000000000001,8.4,1.1904761904761905,0.3471989612006902
Heston,esl,0.9,8.4,1.1904761904761905,0.31597568449715296
Heston,esl,0.9500000000000001,8.4,1.1904761904761905,0.18815243425302416
Heston,esl,1.0,8.4,1.1904761904761905,0.0
Heston,esl,0.0,8.8,1.1363636363636362,0.796623706507884
Heston,esl,0.05,8.8,1.1363636363636362,0.6989885753965641
Heston,esl,0.1,8.8,1.1363636363636362,0.6986771233093745
Heston,esl,0.15000000000000002,8.8,1.1363636363636362,0.7868370141171082
Heston,esl,0.2,8.8,1.1363636363636362,0.666916798177004
Heston,esl,0.25,8.8,1.1363636363636362,0.6420809862554845
Heston,esl,0.30000000000000004,8.8,1.1363636363636362,0.6243795522970598
Heston,esl,0.35000000000000003,8.8,1.1363636363636362,0.6387312850947294
Heston,esl,0.4,8.8,1.1363636363636362,0.6284374391069767
Heston,esl,0.45,8.8,1.1363636363636362,0.6094746589688042
Heston,esl,0.5,8.8,1.1363636363636362,0.6044954216090715
Heston,esl,0.55,8.8,1.1363636363636362,0.5686488321444779
Heston,esl,0.6000000000000001,8.8,1.1363636363636362,0.5283055116655309
Heston,esl,0.65,8.8,1.1363636363636362,0.5110116781374557
Heston,esl,0.7000000000000001,8.8,1.1363636363636362,0.46378463607501386
Heston,esl,0.75,8.8,1.1363636363636362,0.4464630354981405
Heston,esl,0.8,8.8,1.1363636363636362,0.39150163339263144
Heston,esl,0.8500000000000001,8.8,1.1363636363636362,0.3695346351811397
Heston,esl,0.9,8.8,1.1363636363636362,0.33632069475230064
Heston,esl,0.9500000000000001,8.8,1.1363636363636362,0.20133696283460784
Heston,esl,1.0,8.8,1.1363636363636362,0.0
Heston,esl,0.0,9.2,1.0869565217391306,0.7249039564029941
Heston,esl,0.05,9.2,1.0869565217391306,0.7315992919405905
Heston,esl,0.1,9.2,1.0869565217391306,0.7320044231485788
Heston,esl,0.15000000000000002,9.2,1.0869565217391306,0.7148273476298278
Heston,esl,0.2,9.2,1.0869565217391306,0.7019735821142108
Heston,esl,0.25,9.2,1.0869565217391306,0.68177963657416
Heston,esl,0.30000000000000004,9.2,1.0869565217391306,0.6649774261951024
Heston,esl,0.35000000000000003,9.2,1.0869565217391306,0.6834965161540267
Heston,esl,0.4,9.2,1.0869565217391306,0.6744195747322475
Heston,esl,0.45,9.2,1.0869565217391306,0.6561092246226419
Heston,esl,0.5,9.2,1.0869565217391306,0.6478364831247632
Heston,esl,0.55,9.2,1.0869565217391306,0.7116969722773319
Heston,esl,0.6000000000000001,9.2,1.0869565217391306,0.6598716573747666
Heston,esl,0.65,9.2,1.0869565217391306,0.5386276069176326
Heston,esl,0.7000000000000001,9.2,1.0869565217391306,0.48498700772063597
Heston,esl,0.75,9.2,1.0869565217391306,0.4670811476915434
Heston,esl,0.8,9.2,1.0869565217391306,0.416486368496455
Heston,esl,0.8500000000000001,9.2,1.0869565217391306,0.40079867075696274
Heston,esl,0.9,9.2,1.0869565217391306,0.36636408188644326
Heston,esl,0.9500000000000001,9.2,1.0869565217391306,0.21191862808466605
Heston,esl,1.0,9.2,1.0869565217391306,0.0
Heston,esl,0.0,9.6,1.0416666666666667,0.7613694699119978
Heston,esl,0.05,9.6,1.0416666666666667,0.7681572598270968
Heston,esl,0.1,9.6,1.0416666666666667,0.7687434042283716
Heston,esl,0.15000000000000002,9.6,1.0416666666666667,0.7525356677945867
Heston,esl,0.2,9.6,1.0416666666666667,0.7438067711598499
Heston,esl,0.25,9.6,1.0416666666666667,0.7238931262782283
Heston,esl,0.30000000000000004,9.6,1.0416666666666667,0.7090349427482443
Heston,esl,0.35000000000000003,9.6,1.0416666666666667,0.7304495744769326
Heston,esl,0.4,9.6,1.0416666666666667,0.7213769985408582
Heston,esl,0.45,9.6,1.0416666666666667,0.7044006367028804
Heston,esl,0.5,9.6,1.0416666666666667,0.6856245171536083
Heston,esl,0.55,9.6,1.0416666666666667,0.6378880289198287
Heston,esl,0.6000000000000001,9.6,1.0416666666666667,0.5872992210233661
Heston,esl,0.65,9.6,1.0416666666666667,0.5611119958368094
Heston,esl,0.7000000000000001,9.6,1.0416666666666667,0.5147885299655071
Heston,esl,0.75,9.6,1.0416666666666667,0.4949930630466841
Heston,esl,0.8,9.6,1.0416666666666667,0.43055632383280756
Heston,esl,0.8500000000000001,9.6,1.0416666666666667,0.42434179479611744
Heston,esl,0.9,9.6,1.0416666666666667,0.38595559037104926
Heston,esl,0.9500000000000001,9.6,1.0416666666666667,0.21756719024022167
Heston,esl,1.0,9.6,1.0416666666666667,0.0
Heston,esl,0.0,10.0,1.0,0.7970820017460125
Heston,esl,0.05,10.0,1.0,0.805681664141173
Heston,esl,0.1,10.0,1.0,0.8041876763459965
Heston,esl,0.15000000000000002,10.0,1.0,0.7866761945176011
Heston,esl,0.2,10.0,1.0,0.7778392979383597
Heston,esl,0.25,10.0,1.0,0.7646713587440188
Heston,esl,0.30000000000000004,10.0,1.0,0.7566701233074704
Heston,esl,0.35000000000000003,10.0,1.0,0.7752009141854177
Heston,esl,0.4,10.0,1.0,0.7663342370423539
Heston,esl,0.45,10.0,1.0,0.7452164337608703
Heston,esl,0.5,10.0,1.0,0.7240952373530679
Heston,esl,0.55,10.0,1.0,0.6629527329323075
Heston,esl,0.6000000000000001,10.0,1.0,0.6155753326267724
Heston,esl,0.65,10.0,1.0,0.5828876013715039
Heston,esl,0.7000000000000001,10.0,1.0,0.5433424780831844
Heston,esl,0.75,10.0,1.0,0.5208099670893847
Heston,esl,0.8,10.0,1.0,0.44371807961409415
Heston,esl,0.8500000000000001,10.0,1.0,0.44044414304814816
Heston,esl,0.9,10.0,1.0,0.4029403999937866
Heston,esl,0.9500000000000001,10.0,1.0,0.23591466445115988
Heston,esl,1.0,10.0,1.0,0.0
Heston,esl,0.0,10.4,0.9615384615384615,0.8298182321276776
Heston,esl,0.05,10.4,0.9615384615384615,0.8365990065280331
Heston,esl,0.1,10.4,0.9615384615384615,0.8335176981854916
Heston,esl,0.15000000000000002,10.4,0.9615384615384615,0.8181910111818493
Heston,esl,0.2,10.4,0.9615384615384615,0.8075529529916265
Heston,esl,0.25,10.4,0.9615384615384615,0.7939198413400455
Heston,esl,0.30000000000000004,10.4,0.9615384615384615,0.837415336227485
Heston,esl,0.35000000000000003,10.4,0.9615384615384615,0.8099547592710314
Heston,esl,0.4,10.4,0.9615384615384615,0.8010032783548239
Heston,esl,0.45,10.4,0.9615384615384615,0.7753019545279765
Heston,esl,0.5,10.4,0.9615384615384615,0.7507829917478364
Heston,esl,0.55,10.4,0.9615384615384615,0.6852698547597302
Heston,esl,0.6000000000000001,10.4,0.9615384615384615,0.6342636061696808
Heston,esl,0.65,10.4,0.9615384615384615,0.5985343711553945
Heston,esl,0.7000000000000001,10.4,0.9615384615384615,0.5594720534741074
Heston,esl,0.75,10.4,0.9615384615384615,0.5398113831424455
Heston,esl,0.8,10.4,0.9615384615384615,0.46560128232825937
Heston,esl,0.8500000000000001,10.4,0.9615384615384615,0.44806167797090757
Heston,esl,0.9,10.4,0.9615384615384615,0.422345088326081
Heston,esl,0.9500000000000001,10.4,0.9615384615384615,0.2489486853513692
Heston,esl,1.0,10.4,0.9615384615384615,0.0
Heston,esl,0.0,10.8,0.9259259259259258,0.8526617985379679
Heston,esl,0.05,10.8,0.9259259259259258,0.8583315197763844
Heston,esl,0.1,10.8,0.9259259259259258,0.8546504291245379
Heston,esl,0.15000000000000002,10.8,0.9259259259259258,0.8390741069789759
Heston,esl,0.2,10.8,0.9259259259259258,0.8281555990787696
Heston,esl,0.25,10.8,0.9259259259259258,0.8161868928529932
Heston,esl,0.30000000000000004,10.8,0.9259259259259258,0.8061989560585252
Heston,esl,0.35000000000000003,10.8,0.9259259259259258,0.830595914838014
Heston,esl,0.4,10.8,0.9259259259259258,0.8225308739348516
Heston,esl,0.45,10.8,0.9259259259259258,0.7949455143056918
Heston,esl,0.5,10.8,0.9259259259259258,0.7729540067592895
Heston,esl,0.55,10.8,0.9259259259259258,0.696175456794048
Heston,esl,0.6000000000000001,10.8,0.9259259259259258,0.642755996408134
Heston,esl,0.65,10.8,0.9259259259259258,0.6072389932039928
Heston,esl,0.7000000000000001,10.8,0.9259259259259258,0.5699054368611383
Heston,esl,0.75,10.8,0.9259259259259258,0.5440268161392339
Heston,esl,0.8,10.8,0.9259259259259258,0.48377519129538976
Heston,esl,0.8500000000000001,10.8,0.9259259259259258,0.45734644051312023
Heston,esl,0.9,10.8,0.9259259259259258,0.4277519518112903
Heston,esl,0.9500000000000001,10.8,0.9259259259259258,0.26145486398698436
Heston,esl,1.0,10.8,0.9259259259259258,0.0
Heston,esl,0.0,11.2,0.8928571428571429,0.8566824338158845
Heston,esl,0.05,11.2,0.8928571428571429,0.8612068139004612
Heston,esl,0.1,11.2,0.8928571428571429,0.8577728736966213
Heston,esl,0.15000000000000002,11.2,0.8928571428571429,0.8416296971182158
Heston,esl,0.2,11.2,0.8928571428571429,0.8335406681217206
Heston,esl,0.25,11.2,0.8928571428571429,0.8256576046900227
Heston,esl,0.30000000000000004,11.2,0.8928571428571429,0.8137851153626534
Heston,esl,0.35000000000000003,11.2,0.8928571428571429,0.8389202043648579
Heston,esl,0.4,11.2,0.8928571428571429,0.8277880447785533
Heston,esl,0.45,11.2,0.8928571428571429,0.904458090742065
Heston,esl,0.5,11.2,0.8928571428571429,0.778817149462273
Heston,esl,0.55,11.2,0.8928571428571429,0.6983683801844858
Heston,esl,0.6000000000000001,11.2,0.8928571428571429,0.6420908532969978
Heston,esl,0.65,11.2,0.8928571428571429,0.6083607923237162
Heston,esl,0.7000000000000001,11.2,0.8928571428571429,0.5782504597716014
Heston,esl,0.75,11.2,0.8928571428571429,0.5484868071119371
Heston,esl,0.8,11.2,0.8928571428571429,0.4935201142991399
Heston,esl,0.8500000000000001,11.2,0.8928571428571429,0.4640280057851286
Heston,esl,0.9,11.2,0.8928571428571429,0.43452577668720105
Heston,esl,0.9500000000000001,11.2,0.8928571428571429,0.2863199407370604
Heston,esl,1.0,11.2,0.8928571428571429,0.0
Heston,esl,0.0,11.6,0.8620689655172414,0.86027248384589
Heston,esl,0.05,11.6,0.8620689655172414,0.8648646996548194
Heston,esl,0.1,11.6,0.8620689655172414,0.8598487682875233
Heston,esl,0.15000000000000002,11.6,0.8620689655172414,0.842279413687628
Heston,esl,0.2,11.6,0.8620689655172414,0.8361312918826159
Heston,esl,0.25,11.6,0.8620689655172414,0.828416882973452
Heston,esl,0.30000000000000004,11.6,0.8620689655172414,0.818153119090025
Heston,esl,0.35000000000000003,11.6,0.8620689655172414,0.8421534507752311
Heston,esl,0.4,11.6,0.8620689655172414,0.8290287797036735
Heston,esl,0.45,11.6,0.8620689655172414,0.804834752069512
Heston,esl,0.5,11.6,0.8620689655172414,0.7817153002420719
Heston,esl,0.55,11.6,0.8620689655172414,0.7021397686493722
Heston,esl,0.6000000000000001,11.6,0.8620689655172414,0.6491706470813882
Heston,esl,0.65,11.6,0.8620689655172414,0.6052613334420512
Heston,esl,0.7000000000000001,11.6,0.8620689655172414,0.5834313551328859
Heston,esl,0.75,11.6,0.8620689655172414,0.556114781790835
Heston,esl,0.8,11.6,0.8620689655172414,0.5036434626986301
Heston,esl,0.8500000000000001,11.6,0.8620689655172414,0.4747380330666435
Heston,esl,0.9,11.6,0.8620689655172414,0.43977258549498266
Heston,esl,0.9500000000000001,11.6,0.8620689655172414,0.3035903568829431
Heston,esl,1.0,11.6,0.8620689655172414,0.0
Heston,esl,0.0,12.0,0.8333333333333334,0.8635413283589808
Heston,esl,0.05,12.0,0.8333333333333334,0.8670133936158217
Heston,esl,0.1,12.0,0.8333333333333334,0.8608568748911908
Heston,esl,0.15000000000000002,12.0,0.8333333333333334,0.8464802671644718
Heston,esl,0.2,12.0,0.8333333333333334,0.8405805712099739
Heston,esl,0.25,12.0,0.8333333333333334,0.8319881676389508
Heston,esl,0.30000000000000004,12.0,0.8333333333333334,0.8217230091524137
Heston,esl,0.35000000000000003,12.0,0.8333333333333334,0.8421619329478929
Heston,esl,0.4,12.0,0.8333333333333334,0.8317702971878511
Heston,esl,0.45,12.0,0.8333333333333334,0.8090403585908833
Heston,esl,0.5,12.0,0.8333333333333334,0.781547339975772
Heston,esl,0.55,12.0,0.8333333333333334,0.7068961694249989
Heston,esl,0.6000000000000001,12.0,0.8333333333333334,0.6509616490523489
Heston,esl,0.65,12.0,0.8333333333333334,0.6108578276936955
Heston,esl,0.7000000000000001,12.0,0.8333333333333334,0.58306177214566
Heston,esl,0.75,12.0,0.8333333333333334,0.6617637747751692
Heston,esl,0.8,12.0,0.8333333333333334,0.5136884105762692
Heston,esl,0.8500000000000001,12.0,0.8333333333333334,0.4850712060310305
Heston,esl,0.9,12.0,0.8333333333333334,0.4485087819676863
Heston,esl,0.9500000000000001,12.0,0.8333333333333334,0.31649326661269644
Heston,esl,1.0,12.0,0.8333333333333334,0.0
Heston,esl,0.0,12.4,0.8064516129032258,0.8617532502092637
Heston,esl,0.05,12.4,0.8064516129032258,0.8631653396758852
Heston,esl,0.1,12.4,0.8064516129032258,0.8567739855014256
Heston,esl,0.15000000000000002,12.4,0.8064516129032258,0.8439079095553977
Heston,esl,0.2,12.4,0.8064516129032258,0.8374815550198735
Heston,esl,0.25,12.4,0.8064516129032258,0.8296324354679439
Heston,esl,0.30000000000000004,12.4,0.8064516129032258,0.8202956713126757
Heston,esl,0.35000000000000003,12.4,0.8064516129032258,0.8381155482160537
Heston,esl,0.4,12.4,0.8064516129032258,0.826335721455268
Heston,esl,0.45,12.4,0.8064516129032258,0.8045943105331295
Heston,esl,0.5,12.4,0.8064516129032258,0.7714579117861082
Heston,esl,0.55,12.4,0.8064516129032258,0.7041668490903589
Heston,esl,0.6000000000000001,12.4,0.8064516129032258,0.6500249255370196
Heston,esl,0.65,12.4,0.8064516129032258,0.6211980391030608
Heston,esl,0.7000000000000001,12.4,0.8064516129032258,0.5854609318461683
Heston,esl,0.75,12.4,0.8064516129032258,0.5800834241794605
Heston,esl,0.8,12.4,0.8064516129032258,0.5269894146655372
Heston,esl,0.8500000000000001,12.4,0.8064516129032258,0.49776736411479916
Heston,esl,0.9,12.4,0.8064516129032258,0.45561538025033277
Heston,esl,0.9500000000000001,12.4,0.8064516129032258,0.3272534791373035
Heston,esl,1.0,12.4,0.8064516129032258,0.0
Heston,esl,0.0,12.8,0.78125,0.8556782849288116
Heston,esl,0.05,12.8,0.78125,0.8570552955257011
Heston,esl,0.1,12.8,0.78125,0.8512057315173284
Heston,esl,0.15000000000000002,12.8,0.78125,0.8404679613313233
Heston,esl,0.2,12.8,0.78125,0.835527719497849
Heston,esl,0.25,12.8,0.78125,0.8280895160217318
Heston,esl,0.30000000000000004,12.8,0.78125,0.8184875184008048
Heston,esl,0.35000000000000003,12.8,0.78125,0.835988029112184
Heston,esl,0.4,12.8,0.78125,0.8178654249766449
Heston,esl,0.45,12.8,0.78125,0.7955959976233327
Heston,esl,0.5,12.8,0.78125,0.7642057111016572
Heston,esl,0.55,12.8,0.78125,0.6979290408841706
Heston,esl,0.6000000000000001,12.8,0.78125,0.6500893875584677
Heston,esl,0.65,12.8,0.78125,0.6273210705305369
Heston,esl,0.7000000000000001,12.8,0.78125,0.5904715649482438
Heston,esl,0.75,12.8,0.78125,0.5826531049935496
Heston,esl,0.8,12.8,0.78125,0.5407127957995821
Heston,esl,0.8500000000000001,12.8,0.78125,0.5098660717506722
Heston,esl,0.9,12.8,0.78125,0.46028810016900495
Heston,esl,0.9500000000000001,12.8,0.78125,0.3340250231830936
Heston,esl,1.0,12.8,0.78125,0.0
Heston,esl,0.0,13.2,0.7575757575757576,0.8483004591525154
Heston,esl,0.05,13.2,0.7575757575757576,0.8486434675309248
Heston,esl,0.1,13.2,0.7575757575757576,0.8450274623890996
Heston,esl,0.15000000000000002,13.2,0.7575757575757576,0.8366365117936708
Heston,esl,0.2,13.2,0.7575757575757576,0.8330925410042844
Heston,esl,0.25,13.2,0.7575757575757576,0.8259846936341413
Heston,esl,0.30000000000000004,13.2,0.7575757575757576,0.8153652803821012
Heston,esl,0.35000000000000003,13.2,0.7575757575757576,0.833806593072187
Heston,esl,0.4,13.2,0.7575757575757576,0.8121283534165764
Heston,esl,0.45,13.2,0.7575757575757576,0.7865114771884107
Heston,esl,0.5,13.2,0.7575757575757576,0.7579603641127027
Heston,esl,0.55,13.2,0.7575757575757576,0.6933852361750112
Heston,esl,0.6000000000000001,13.2,0.7575757575757576,0.6510159622834367
Heston,esl,0.65,13.2,0.7575757575757576,0.6339835047300391
Heston,esl,0.7000000000000001,13.2,0.7575757575757576,0.5948840058211373
Heston,esl,0.75,13.2,0.7575757575757576,0.5864613397003805
Heston,esl,0.8,13.2,0.7575757575757576,0.5512031062017543
Heston,esl,0.8500000000000001,13.2,0.7575757575757576,0.5201108385103683
Heston,esl,0.9,13.2,0.7575757575757576,0.48922100324524276
Heston,esl,0.9500000000000001,13.2,0.7575757575757576,0.3355152232006705
Heston,esl,1.0,13.2,0.7575757575757576,0.0
Heston,esl,0.0,13.600000000000001,0.7352941176470588,0.8376580156818035
Heston,esl,0.05,13.600000000000001,0.7352941176470588,0.8387543435731788
Heston,esl,0.1,13.600000000000001,0.7352941176470588,0.8342954465205985
Heston,esl,0.15000000000000002,13.600000000000001,0.7352941176470588,0.8287058557184502
Heston,esl,0.2,13.600000000000001,0.7352941176470588,0.8262186639205711
Heston,esl,0.25,13.600000000000001,0.7352941176470588,0.8176451442436526
Heston,esl,0.30000000000000004,13.600000000000001,0.7352941176470588,0.8082352979193438
Heston,esl,0.35000000000000003,13.600000000000001,0.7352941176470588,0.8253249663191906
Heston,esl,0.4,13.600000000000001,0.7352941176470588,0.8057023407710794
Heston,esl,0.45,13.600000000000001,0.7352941176470588,0.7730815728066133
Heston,esl,0.5,13.600000000000001,0.7352941176470588,0.7478405492216913
Heston,esl,0.55,13.600000000000001,0.7352941176470588,0.6884646099575282
Heston,esl,0.6000000000000001,13.600000000000001,0.7352941176470588,0.6507788898672173
Heston,esl,0.65,13.600000000000001,0.7352941176470588,0.6385198719809881
Heston,esl,0.7000000000000001,13.600000000000001,0.7352941176470588,0.5993141247958212
Heston,esl,0.75,13.600000000000001,0.7352941176470588,0.5886891548533009
Heston,esl,0.8,13.600000000000001,0.7352941176470588,0.5611744403123297
Heston,esl,0.8500000000000001,13.600000000000001,0.7352941176470588,0.5230002594944034
Heston,esl,0.9,13.600000000000001,0.7352941176470588,0.45620038511838656
Heston,esl,0.9500000000000001,13.600000000000001,0.7352941176470588,0.33138399879987585
Heston,esl,1.0,13.600000000000001,0.7352941176470588,0.0
Heston,esl,0.0,14.0,0.7142857142857143,0.8272276817799018
Heston,esl,0.05,14.0,0.7142857142857143,0.8286902591604461
Heston,esl,0.1,14.0,0.7142857142857143,0.8235603561430878
Heston,esl,0.15000000000000002,14.0,0.7142857142857143,0.8192303998182293
Heston,esl,0.2,14.0,0.7142857142857143,0.8163240148274865
Heston,esl,0.25,14.0,0.7142857142857143,0.8076377583100406
Heston,esl,0.30000000000000004,14.0,0.7142857142857143,0.7988901323255193
Heston,esl,0.35000000000000003,14.0,0.7142857142857143,0.8140378246646669
Heston,esl,0.4,14.0,0.7142857142857143,0.7931608922389608
Heston,esl,0.45,14.0,0.7142857142857143,0.757549929865559
Heston,esl,0.5,14.0,0.7142857142857143,0.7340255065009803
Heston,esl,0.55,14.0,0.7142857142857143,0.6803424737630889
Heston,esl,0.6000000000000001,14.0,0.7142857142857143,0.6491973831149764
Heston,esl,0.65,14.0,0.7142857142857143,0.6396466452640606
Heston,esl,0.7000000000000001,14.0,0.7142857142857143,0.5987355758051542
Heston,esl,0.75,14.0,0.7142857142857143,0.5885393717791705
Heston,esl,0.8,14.0,0.7142857142857143,0.5656187419385863
Heston,esl,0.8500000000000001,14.0,0.7142857142857143,0.5245890980929253
Heston,esl,0.9,14.0,0.7142857142857143,0.4500521717473493
Heston,esl,0.9500000000000001,14.0,0.7142857142857143,0.3268249444296774
Heston,esl,1.0,14.0,0.7142857142857143,0.0
Heston,esl,0.0,14.4,0.6944444444444444,0.8114884433240469
Heston,esl,0.05,14.4,0.6944444444444444,0.8136003285110998
Heston,esl,0.1,14.4,0.6944444444444444,0.8075060321514635
Heston,esl,0.15000000000000002,14.4,0.6944444444444444,0.8048930275179829
Heston,esl,0.2,14.4,0.6944444444444444,0.8024274363452435
Heston,esl,0.25,14.4,0.6944444444444444,0.7932723703307696
Heston,esl,0.30000000000000004,14.4,0.6944444444444444,0.7832927652500417
Heston,esl,0.35000000000000003,14.4,0.6944444444444444,0.7972577383818831
Heston,esl,0.4,14.4,0.6944444444444444,0.7771723874024258
Heston,esl,0.45,14.4,0.6944444444444444,0.7382552083870262
Heston,esl,0.5,14.4,0.6944444444444444,0.7196424349066959
Heston,esl,0.55,14.4,0.6944444444444444,0.6691504171875964
Heston,esl,0.6000000000000001,14.4,0.6944444444444444,0.6410214572253643
Heston,esl,0.65,14.4,0.6944444444444444,0.6331426447595232
Heston,esl,0.7000000000000001,14.4,0.6944444444444444,0.5942290639349755
Heston,esl,0.75,14.4,0.6944444444444444,0.583978780615881
Heston,esl,0.8,14.4,0.6944444444444444,0.560365368836125
Heston,esl,0.8500000000000001,14.4,0.6944444444444444,0.5154949199546041
Heston,esl,0.9,14.4,0.6944444444444444,0.4399292104321194
Heston,esl,0.9500000000000001,14.4,0.6944444444444444,0.3202786545500379
Heston,esl,1.0,14.4,0.6944444444444444,0.0
Heston,esl,0.0,14.8,0.6756756756756757,0.7990596621716346
Heston,esl,0.05,14.8,0.6756756756756757,0.7958290082414043
Heston,esl,0.1,14.8,0.6756756756756757,0.7897835207266046
Heston,esl,0.15000000000000002,14.8,0.6756756756756757,0.7875574838719415
Heston,esl,0.2,14.8,0.6756756756756757,0.7853418888158232
Heston,esl,0.25,14.8,0.6756756756756757,0.7754656930205833
Heston,esl,0.30000000000000004,14.8,0.6756756756756757,0.7668423410560103
Heston,esl,0.35000000000000003,14.8,0.6756756756756757,0.7774907671559905
Heston,esl,0.4,14.8,0.6756756756756757,0.757217262543533
Heston,esl,0.45,14.8,0.6756756756756757,0.7212315882981624
Heston,esl,0.5,14.8,0.6756756756756757,0.7020114397829154
Heston,esl,0.55,14.8,0.6756756756756757,0.6569544710157926
Heston,esl,0.6000000000000001,14.8,0.6756756756756757,0.6324555501081106
Heston,esl,0.65,14.8,0.6756756756756757,0.6216742479237082
Heston,esl,0.7000000000000001,14.8,0.6756756756756757,0.5865110596956906
Heston,esl,0.75,14.8,0.6756756756756757,0.5761854854841357
Heston,esl,0.8,14.8,0.6756756756756757,0.5476954623300965
Heston,esl,0.8500000000000001,14.8,0.6756756756756757,0.5014192044538908
Heston,esl,0.9,14.8,0.6756756756756757,0.42772142587733264
Heston,esl,0.9500000000000001,14.8,0.6756756756756757,0.3108758714107737
Heston,esl,1.0,14.8,0.6756756756756757,0.0
Heston,esl,0.0,15.2,0.6578947368421053,0.7723521594320288
Heston,esl,0.05,15.2,0.6578947368421053,0.7748245832025179
Heston,esl,0.1,15.2,0.6578947368421053,0.7701681182852074
Heston,esl,0.15000000000000002,15.2,0.6578947368421053,0.7690296481344218
Heston,esl,0.2,15.2,0.6578947368421053,0.7670853777085442
Heston,esl,0.25,15.2,0.6578947368421053,0.7561559609636007
Heston,esl,0.30000000000000004,15.2,0.6578947368421053,0.7468513687539934
Heston,esl,0.35000000000000003,15.2,0.6578947368421053,0.7570004992020893
Heston,esl,0.4,15.2,0.6578947368421053,0.7390469621178262
Heston,esl,0.45,15.2,0.6578947368421053,0.7048362718331154
Heston,esl,0.5,15.2,0.6578947368421053,0.6847960057222394
Heston,esl,0.55,15.2,0.6578947368421053,0.6438820549274513
Heston,esl,0.6000000000000001,15.2,0.6578947368421053,0.6173527851131626
Heston,esl,0.65,15.2,0.6578947368421053,0.6069623119762
Heston,esl,0.7000000000000001,15.2,0.6578947368421053,0.5737688249768852
Heston,esl,0.75,15.2,0.6578947368421053,0.5641419258312144
Heston,esl,0.8,15.2,0.6578947368421053,0.5317185861073617
Heston,esl,0.8500000000000001,15.2,0.6578947368421053,0.483161244535998
Heston,esl,0.9,15.2,0.6578947368421053,0.4127589731350857
Heston,esl,0.9500000000000001,15.2,0.6578947368421053,0.30281987823330364
Heston,esl,1.0,15.2,0.6578947368421053,0.0
Heston,esl,0.0,15.600000000000001,0.641025641025641,0.7515843276354605
Heston,esl,0.05,15.600000000000001,0.641025641025641,0.7557183918036124
Heston,esl,0.1,15.600000000000001,0.641025641025641,0.7526805264343442
Heston,esl,0.15000000000000002,15.600000000000001,0.641025641025641,0.7508878175825859
Heston,esl,0.2,15.600000000000001,0.641025641025641,0.7536183465447188
Heston,esl,0.25,15.600000000000001,0.641025641025641,0.738438809642405
Heston,esl,0.30000000000000004,15.600000000000001,0.641025641025641,0.7292950744747188
Heston,esl,0.35000000000000003,15.600000000000001,0.641025641025641,0.73915672403682
Heston,esl,0.4,15.600000000000001,0.641025641025641,0.7196672939803264
Heston,esl,0.45,15.600000000000001,0.641025641025641,0.6926874826894773
Heston,esl,0.5,15.600000000000001,0.641025641025641,0.6644188584560594
Heston,esl,0.55,15.600000000000001,0.641025641025641,0.6305150859823515
Heston,esl,0.6000000000000001,15.600000000000001,0.641025641025641,0.6024999256172454
Heston,esl,0.65,15.600000000000001,0.641025641025641,0.5910957542812887
Heston,esl,0.7000000000000001,15.600000000000001,0.641025641025641,0.5605825945145441
Heston,esl,0.75,15.600000000000001,0.641025641025641,0.5518161536134283
Heston,esl,0.8,15.600000000000001,0.641025641025641,0.5132576176159326
Heston,esl,0.8500000000000001,15.600000000000001,0.641025641025641,0.4620329431287158
Heston,esl,0.9,15.600000000000001,0.641025641025641,0.3964942529265803
Heston,esl,0.9500000000000001,15.600000000000001,0.641025641025641,0.298266913290579
Heston,esl,1.0,15.600000000000001,0.641025641025641,0.0
Heston,esl,0.0,16.0,0.625,0.7302343284040509
Heston,esl,0.05,16.0,0.625,0.7351800215633602
Heston,esl,0.1,16.0,0.625,0.7338380847768591
Heston,esl,0.15000000000000002,16.0,0.625,0.732150432140414
Heston,esl,0.2,16.0,0.625,0.7306363179364651
Heston,esl,0.25,16.0,0.625,0.7205329240636622
Heston,esl,0.30000000000000004,16.0,0.625,0.7089147263329374
Heston,esl,0.35000000000000003,16.0,0.625,0.7206860223188486
Heston,esl,0.4,16.0,0.625,0.7015333150451906
Heston,esl,0.45,16.0,0.625,0.671924972817127
Heston,esl,0.5,16.0,0.625,0.6443507947802566
Heston,esl,0.55,16.0,0.625,0.6165941046511241
Heston,esl,0.6000000000000001,16.0,0.625,0.5872179779993085
Heston,esl,0.65,16.0,0.625,0.5749113159251575
Heston,esl,0.7000000000000001,16.0,0.625,0.5473371049052326
Heston,esl,0.75,16.0,0.625,0.5372449496435305
Heston,esl,0.8,16.0,0.625,0.4929430150975432
Heston,esl,0.8500000000000001,16.0,0.625,0.4405016654600919
Heston,esl,0.9,16.0,0.625,0.37952243961164867
Heston,esl,0.9500000000000001,16.0,0.625,0.2927550119481923
Heston,esl,1.0,16.0,0.625,0.0
